Name,Date,Late
Ramesh,05-05-2002,yes
test,31-12-2031,yes
Ramesh,11-02-2020,11:11
Ramesh,01-05-2020,23:11
Ramesh,19-05-2020,22:01
Ramesh,19-05-2020,20:54
Ramesh,19-05-2020,19:32
Ramesh,19-05-2020,19:23
Ramesh,20-05-2020,18:45
Ramesh,21-05-2020,17:43
Ramesh,11-07-2020,16:23
Kumar,11-07-2020,15:12
Ramesh,12-07-2020,15:12
test,10-11-2020,14:43
Ramesh,11-11-2020,12:23
Ramesh,11-11-2020,12:54
Ramesh,11-11-2020,13:55
Ramesh,11-11-2020,13:34
test,13-11-2020,14:33
test,13-11-2020,16:11
test,13-11-2020,11:22
Ramesh,15-11-2020,18:11
Ramesh,15-11-2020,18:11
Som,23-11-2020,15:06
Ramesh,19-03-2021,08:14
Ramesh,19-03-2021,08:16
